<?xml version="1.0" encoding="UTF-8"?>
<map>
   <appContext helpID="c_complete_owner_s_manual_in_the_center_display"
               path="c_complete_owner_s_manual_in_the_center_display.html"/>
   <appContext helpID="c_owner_s_information" path="c_owner_s_information.html"/>
   <appContext helpID="t_volvo_car_website" path="t_volvo_car_website1.html"/>
   <appContext helpID="t_how_to_create_volvo_id"
               path="t_volvo_car_website1.html#t_how_to_create_volvo_id"/>
   <appContext helpID="t_volvo_car_webite"
               path="t_volvo_car_website1.html#t_volvo_car_webite"/>
   <appContext helpID="t_how_to_get_started_with_google_services"
               path="t_how_to_get_started_with_google_services.html"/>
   <appContext helpID="t_viewing_the_vehicle_identification_number_vin"
               path="t_how_to_view_the_vehicle_identification_number_vin.html"/>
   <appContext helpID="c_seat_belts" path="c_seat_belts.html"/>
   <appContext helpID="r_towing_capacity_and_tongue_weight"
               path="r_towing_capacity_and_tongue_weight.html"/>
   <appContext helpID="g_glossary" path="g_glossary.html"/>
   <appContext helpID="g_volvo_id" path="g_glossary.html#g_volvo_id"/>
   <appContext helpID="g_volvo_cars_app" path="g_glossary.html#g_volvo_cars_app"/>
   <appContext helpID="g_id" path="g_glossary.html#g_id"/>
   <appContext helpID="unique_108466964" path="g_glossary.html#unique_108466964"/>
</map>
